Performance Measure,Mean,Standard Deviation
Recall kick,0.5,0.5
Classification Accuracy,0.88341564,0.11658436
Recall dash,0.90232885,0.09767115
F1 dash,0.92182946,0.07817054
Precision turn,0.75876117,0.24123883
Recall turn,0.84324324,0.15675676
Precision dash,0.9433167,0.056683302
Global F1,0.73896796,0.26103204
F1 turn,0.79507434,0.20492566
F1 kick,0.5,0.5
Precision kick,0.5,0.5
