Performance Measure,Mean,Standard Deviation
Recall kick,0.5,0.5
Classification Accuracy,0.95684946,0.043150544
Recall dash,0.9991311,8.689165E-4
F1 dash,0.97494626,0.02505374
Precision turn,0.982009,0.017991006
Recall turn,0.84756756,0.15243244
Precision dash,0.95299685,0.04700315
Global F1,0.79294693,0.20705307
F1 turn,0.9038944,0.096105576
F1 kick,0.5,0.5
Precision kick,0.5,0.5
