Performance Measure,Mean,Standard Deviation
Recall kick,0.85811967,0.013675213
Classification Accuracy,0.83312416,0.04653728
Recall dash,0.80006635,0.058321476
F1 dash,0.8794513,0.036472857
Precision turn,0.61839014,0.084640145
Recall turn,0.93125725,0.008014023
Precision dash,0.97896993,0.0027576685
Global F1,0.78260154,0.037136436
F1 turn,0.74029756,0.06386185
F1 kick,0.7280558,0.011074662
Precision kick,0.6322301,0.009279311
