Performance Measure,Mean,Standard Deviation
Recall kick,0.83589745,0.035897434
Classification Accuracy,0.9171045,0.05565405
Recall dash,0.92198586,0.070751965
F1 dash,0.94654685,0.038500905
Precision turn,0.8163843,0.16001052
Recall turn,0.9086344,0.0124182105
Precision dash,0.9752298,0.0022460818
Global F1,0.8314817,0.06192404
F1 turn,0.85284317,0.09507346
F1 kick,0.695055,0.052197754
Precision kick,0.5955798,0.05826634
