Performance Measure,Mean,Standard Deviation
F1_turn,0.47310066,0.01316309
F1_kick,0.0,0.0
Classification_Accuracy,0.70230013,0.012920797
Global_F1,0.42186117,5.8713555E-4
Recall_kick,0.0,0.0
Precision_dash,0.7561544,0.032623112
Recall_dash,0.83996695,0.073313296
Precision_kick,0.0,0.0
Recall_turn,0.42605042,0.07774466
F1_dash,0.79248285,0.014924586
Precision_turn,0.5733937,0.10348219

,Cycle0,Cycle1
Filter Time (Seconds),0.062,0.063,
Test Time (Minutes),13.5795,13.850416666666666,
