Performance Measure,Mean,Standard Deviation
Recall kick,0.26666668,0.26666668
Classification Accuracy,0.8079822,0.06376594
Recall dash,0.84432805,0.041060686
F1 dash,0.8749763,0.04398024
Precision turn,0.57055676,0.093872786
Recall turn,0.71584827,0.11909151
Precision dash,0.9079388,0.047231138
Global F1,0.5853758,0.1317088
F1 turn,0.63499707,0.10499227
F1 kick,0.24615385,0.24615385
Precision kick,0.22857143,0.22857143
