Performance Measure,Mean,Standard Deviation
Recall kick,0.26666668,0.26666668
Classification Accuracy,0.79627526,0.05101925
Recall dash,0.8383706,0.030932307
F1 dash,0.86767024,0.03490448
Precision turn,0.54795676,0.07118201
Recall turn,0.6838131,0.09570497
Precision dash,0.89911425,0.03938067
Global F1,0.5740671,0.12093812
F1 turn,0.6083774,0.081755936
F1 kick,0.24615385,0.24615385
Precision kick,0.22857143,0.22857143
